"Time","python-controller"
2025-04-14 11:43:10,79.6 MiB
2025-04-14 11:43:20,79.6 MiB
2025-04-14 11:43:30,79.6 MiB
2025-04-14 11:43:40,79.6 MiB
2025-04-14 11:43:50,79.6 MiB
2025-04-14 11:44:00,79.6 MiB
2025-04-14 11:44:10,79.6 MiB
2025-04-14 11:44:20,79.6 MiB
2025-04-14 11:44:30,79.6 MiB
2025-04-14 11:44:40,79.6 MiB
2025-04-14 11:44:50,79.6 MiB
2025-04-14 11:45:00,79.6 MiB
2025-04-14 11:45:10,79.6 MiB
2025-04-14 11:45:20,79.6 MiB
2025-04-14 11:45:30,79.6 MiB
2025-04-14 11:45:40,79.6 MiB
2025-04-14 11:45:50,79.6 MiB
2025-04-14 11:46:00,79.6 MiB
2025-04-14 11:46:10,79.6 MiB
2025-04-14 11:46:20,79.6 MiB
2025-04-14 11:46:30,79.6 MiB
2025-04-14 11:46:40,79.6 MiB
2025-04-14 11:46:50,79.6 MiB
2025-04-14 11:47:00,79.6 MiB
2025-04-14 11:47:10,79.6 MiB
2025-04-14 11:47:20,79.6 MiB
2025-04-14 11:47:30,79.6 MiB
2025-04-14 11:47:40,79.6 MiB
2025-04-14 11:47:50,79.6 MiB
2025-04-14 11:48:00,79.6 MiB
2025-04-14 11:48:10,79.6 MiB
2025-04-14 11:48:20,79.6 MiB
2025-04-14 11:48:30,79.6 MiB
2025-04-14 11:48:40,79.6 MiB
2025-04-14 11:48:50,79.6 MiB
2025-04-14 11:49:00,79.6 MiB
2025-04-14 11:49:10,79.6 MiB
2025-04-14 11:49:20,79.6 MiB
2025-04-14 11:49:30,79.6 MiB
2025-04-14 11:49:40,79.6 MiB
2025-04-14 11:49:50,79.6 MiB
2025-04-14 11:50:00,79.6 MiB
2025-04-14 11:50:10,79.6 MiB
2025-04-14 11:50:20,79.6 MiB
2025-04-14 11:50:30,79.6 MiB
2025-04-14 11:50:40,79.6 MiB
2025-04-14 11:50:50,79.6 MiB
2025-04-14 11:51:00,79.6 MiB
2025-04-14 11:51:10,79.6 MiB
2025-04-14 11:51:20,79.6 MiB
2025-04-14 11:51:30,79.6 MiB
2025-04-14 11:51:40,79.6 MiB
2025-04-14 11:51:50,79.6 MiB
2025-04-14 11:52:00,79.6 MiB
2025-04-14 11:52:10,79.6 MiB
2025-04-14 11:52:20,79.6 MiB
2025-04-14 11:52:30,79.6 MiB
2025-04-14 11:52:40,79.6 MiB
2025-04-14 11:52:50,79.6 MiB
2025-04-14 11:53:00,79.6 MiB
2025-04-14 11:53:10,79.6 MiB
2025-04-14 11:53:20,79.6 MiB
2025-04-14 11:53:30,79.6 MiB
2025-04-14 11:53:40,79.6 MiB
2025-04-14 11:53:50,79.6 MiB
2025-04-14 11:54:00,79.6 MiB
2025-04-14 11:54:10,79.6 MiB
2025-04-14 11:54:20,79.6 MiB
2025-04-14 11:54:30,79.6 MiB
2025-04-14 11:54:40,79.6 MiB
2025-04-14 11:54:50,79.6 MiB
2025-04-14 11:55:00,79.6 MiB
2025-04-14 11:55:10,79.6 MiB
2025-04-14 11:55:20,79.6 MiB
2025-04-14 11:55:30,79.6 MiB
2025-04-14 11:55:40,79.6 MiB
2025-04-14 11:55:50,79.6 MiB
2025-04-14 11:56:00,79.6 MiB
2025-04-14 11:56:10,79.6 MiB
2025-04-14 11:56:20,79.6 MiB
2025-04-14 11:56:30,79.6 MiB
2025-04-14 11:56:40,79.6 MiB
2025-04-14 11:56:50,79.6 MiB
2025-04-14 11:57:00,79.6 MiB
2025-04-14 11:57:10,79.6 MiB
2025-04-14 11:57:20,79.6 MiB
2025-04-14 11:57:30,79.6 MiB
2025-04-14 11:57:40,79.6 MiB
2025-04-14 11:57:50,79.6 MiB
2025-04-14 11:58:00,79.6 MiB
2025-04-14 11:58:10,79.6 MiB
2025-04-14 11:58:20,79.6 MiB
2025-04-14 11:58:30,79.6 MiB
2025-04-14 11:58:40,79.6 MiB
2025-04-14 11:58:50,79.6 MiB
2025-04-14 11:59:00,79.6 MiB
2025-04-14 11:59:10,79.6 MiB
2025-04-14 11:59:20,79.6 MiB
2025-04-14 11:59:30,79.6 MiB
2025-04-14 11:59:40,79.6 MiB
2025-04-14 11:59:50,79.6 MiB
2025-04-14 12:00:00,79.6 MiB
2025-04-14 12:00:10,79.6 MiB
2025-04-14 12:00:20,79.6 MiB
2025-04-14 12:00:30,79.6 MiB
2025-04-14 12:00:40,79.6 MiB
2025-04-14 12:00:50,79.6 MiB
2025-04-14 12:01:00,79.6 MiB
2025-04-14 12:01:10,79.6 MiB
2025-04-14 12:01:20,79.6 MiB
2025-04-14 12:01:30,79.6 MiB
2025-04-14 12:01:40,79.6 MiB
2025-04-14 12:01:50,79.6 MiB
2025-04-14 12:02:00,79.6 MiB
2025-04-14 12:02:10,79.6 MiB
2025-04-14 12:02:20,79.6 MiB
2025-04-14 12:02:30,79.6 MiB
2025-04-14 12:02:40,79.6 MiB
2025-04-14 12:02:50,79.6 MiB
2025-04-14 12:03:00,79.6 MiB
2025-04-14 12:03:10,79.6 MiB
2025-04-14 12:03:20,79.6 MiB
2025-04-14 12:03:30,79.6 MiB
2025-04-14 12:03:40,79.6 MiB
2025-04-14 12:03:50,79.6 MiB
2025-04-14 12:04:00,79.6 MiB
2025-04-14 12:04:10,79.6 MiB
2025-04-14 12:04:20,79.6 MiB
2025-04-14 12:04:30,79.6 MiB
2025-04-14 12:04:40,79.6 MiB
2025-04-14 12:04:50,79.6 MiB
2025-04-14 12:05:00,79.6 MiB
2025-04-14 12:05:10,79.6 MiB
2025-04-14 12:05:20,79.6 MiB
2025-04-14 12:05:30,79.6 MiB
2025-04-14 12:05:40,79.6 MiB
2025-04-14 12:05:50,79.6 MiB
2025-04-14 12:06:00,79.6 MiB
2025-04-14 12:06:10,79.6 MiB
2025-04-14 12:06:20,79.6 MiB
2025-04-14 12:06:30,79.6 MiB
2025-04-14 12:06:40,79.6 MiB
2025-04-14 12:06:50,79.6 MiB
2025-04-14 12:07:00,79.6 MiB
2025-04-14 12:07:10,79.6 MiB
2025-04-14 12:07:20,79.6 MiB
2025-04-14 12:07:30,79.6 MiB
2025-04-14 12:07:40,79.6 MiB
2025-04-14 12:07:50,79.6 MiB
2025-04-14 12:08:00,79.6 MiB
2025-04-14 12:08:10,79.6 MiB
2025-04-14 12:08:20,79.6 MiB
2025-04-14 12:08:30,79.6 MiB
2025-04-14 12:08:40,79.6 MiB
2025-04-14 12:08:50,79.6 MiB
2025-04-14 12:09:00,79.6 MiB
2025-04-14 12:09:10,79.6 MiB
2025-04-14 12:09:20,79.6 MiB
2025-04-14 12:09:30,79.6 MiB
2025-04-14 12:09:40,79.6 MiB
2025-04-14 12:09:50,79.6 MiB
2025-04-14 12:10:00,79.6 MiB
2025-04-14 12:10:10,79.6 MiB
2025-04-14 12:10:20,79.6 MiB
2025-04-14 12:10:30,79.6 MiB
2025-04-14 12:10:40,79.6 MiB
2025-04-14 12:10:50,79.6 MiB
2025-04-14 12:11:00,79.6 MiB
2025-04-14 12:11:10,79.6 MiB
2025-04-14 12:11:20,79.6 MiB
2025-04-14 12:11:30,79.6 MiB
2025-04-14 12:11:40,79.6 MiB
2025-04-14 12:11:50,79.6 MiB
2025-04-14 12:12:00,79.6 MiB
2025-04-14 12:12:10,79.6 MiB
2025-04-14 12:12:20,79.6 MiB
2025-04-14 12:12:30,79.6 MiB
2025-04-14 12:12:40,79.6 MiB
2025-04-14 12:12:50,79.6 MiB
2025-04-14 12:13:00,79.6 MiB
2025-04-14 12:13:10,79.6 MiB
2025-04-14 12:13:20,79.6 MiB
2025-04-14 12:13:30,79.6 MiB
2025-04-14 12:13:40,79.6 MiB
2025-04-14 12:13:50,79.6 MiB
2025-04-14 12:14:00,79.6 MiB
2025-04-14 12:14:10,79.6 MiB
2025-04-14 12:14:20,79.6 MiB
2025-04-14 12:14:30,79.6 MiB
2025-04-14 12:14:40,79.6 MiB
2025-04-14 12:14:50,79.6 MiB
2025-04-14 12:15:00,79.6 MiB
2025-04-14 12:15:10,79.6 MiB
2025-04-14 12:15:20,79.6 MiB
2025-04-14 12:15:30,79.6 MiB
2025-04-14 12:15:40,79.6 MiB
2025-04-14 12:15:50,79.6 MiB
2025-04-14 12:16:00,79.6 MiB
2025-04-14 12:16:10,79.6 MiB
2025-04-14 12:16:20,79.6 MiB
2025-04-14 12:16:30,79.6 MiB
2025-04-14 12:16:40,79.6 MiB
2025-04-14 12:16:50,79.6 MiB
2025-04-14 12:17:00,79.6 MiB
2025-04-14 12:17:10,79.6 MiB
2025-04-14 12:17:20,79.6 MiB
2025-04-14 12:17:30,79.6 MiB
2025-04-14 12:17:40,79.6 MiB
2025-04-14 12:17:50,79.6 MiB
2025-04-14 12:18:00,79.6 MiB
2025-04-14 12:18:10,79.6 MiB
2025-04-14 12:18:20,79.6 MiB
2025-04-14 12:18:30,79.6 MiB
2025-04-14 12:18:40,79.6 MiB
2025-04-14 12:18:50,79.6 MiB
2025-04-14 12:19:00,79.6 MiB
2025-04-14 12:19:10,79.6 MiB
2025-04-14 12:19:20,79.6 MiB
2025-04-14 12:19:30,79.6 MiB
2025-04-14 12:19:40,79.6 MiB
2025-04-14 12:19:50,79.6 MiB
2025-04-14 12:20:00,79.6 MiB
2025-04-14 12:20:10,79.6 MiB
2025-04-14 12:20:20,79.6 MiB
2025-04-14 12:20:30,79.6 MiB
2025-04-14 12:20:40,79.6 MiB
2025-04-14 12:20:50,79.6 MiB
2025-04-14 12:21:00,79.6 MiB
2025-04-14 12:21:10,79.6 MiB
2025-04-14 12:21:20,79.6 MiB
2025-04-14 12:21:30,79.6 MiB
2025-04-14 12:21:40,79.6 MiB
2025-04-14 12:21:50,79.6 MiB
2025-04-14 12:22:00,79.6 MiB
2025-04-14 12:22:10,79.6 MiB
2025-04-14 12:22:20,79.6 MiB
2025-04-14 12:22:30,79.6 MiB
2025-04-14 12:22:40,79.6 MiB
2025-04-14 12:22:50,79.6 MiB
2025-04-14 12:23:00,79.6 MiB
2025-04-14 12:23:10,79.6 MiB
2025-04-14 12:23:20,79.6 MiB
2025-04-14 12:23:30,79.6 MiB
2025-04-14 12:23:40,79.6 MiB
2025-04-14 12:23:50,79.6 MiB
2025-04-14 12:24:00,79.6 MiB
2025-04-14 12:24:10,79.6 MiB
2025-04-14 12:24:20,79.6 MiB
2025-04-14 12:24:30,79.6 MiB
2025-04-14 12:24:40,79.6 MiB
2025-04-14 12:24:50,79.6 MiB
2025-04-14 12:25:00,79.6 MiB
2025-04-14 12:25:10,79.6 MiB
2025-04-14 12:25:20,79.6 MiB
2025-04-14 12:25:30,79.6 MiB
2025-04-14 12:25:40,79.6 MiB
2025-04-14 12:25:50,79.6 MiB
2025-04-14 12:26:00,79.6 MiB
2025-04-14 12:26:10,79.6 MiB
2025-04-14 12:26:20,79.6 MiB
2025-04-14 12:26:30,79.6 MiB
2025-04-14 12:26:40,79.6 MiB
2025-04-14 12:26:50,79.6 MiB
2025-04-14 12:27:00,79.6 MiB
2025-04-14 12:27:10,79.6 MiB
2025-04-14 12:27:20,79.6 MiB
2025-04-14 12:27:30,79.6 MiB
2025-04-14 12:27:40,79.6 MiB
2025-04-14 12:27:50,79.6 MiB
2025-04-14 12:28:00,79.6 MiB
2025-04-14 12:28:10,79.6 MiB
2025-04-14 12:28:20,79.6 MiB
2025-04-14 12:28:30,79.6 MiB
2025-04-14 12:28:40,79.6 MiB
2025-04-14 12:28:50,79.6 MiB
2025-04-14 12:29:00,79.6 MiB
2025-04-14 12:29:10,79.6 MiB
2025-04-14 12:29:20,79.6 MiB
2025-04-14 12:29:30,79.6 MiB
2025-04-14 12:29:40,79.6 MiB
2025-04-14 12:29:50,79.6 MiB
2025-04-14 12:30:00,79.6 MiB
2025-04-14 12:30:10,79.6 MiB
2025-04-14 12:30:20,79.6 MiB
2025-04-14 12:30:30,79.6 MiB
2025-04-14 12:30:40,79.6 MiB
2025-04-14 12:30:50,79.6 MiB
2025-04-14 12:31:00,79.6 MiB
2025-04-14 12:31:10,79.6 MiB
2025-04-14 12:31:20,79.7 MiB
2025-04-14 12:31:30,79.7 MiB
2025-04-14 12:31:40,79.7 MiB
2025-04-14 12:31:50,79.7 MiB
2025-04-14 12:32:00,79.6 MiB
2025-04-14 12:32:10,79.6 MiB
2025-04-14 12:32:20,79.6 MiB
2025-04-14 12:32:30,79.6 MiB
2025-04-14 12:32:40,79.7 MiB
2025-04-14 12:32:50,79.7 MiB
2025-04-14 12:33:00,79.7 MiB
2025-04-14 12:33:10,79.6 MiB
2025-04-14 12:33:20,79.6 MiB
2025-04-14 12:33:30,79.6 MiB
2025-04-14 12:33:40,79.6 MiB
2025-04-14 12:33:50,79.7 MiB
2025-04-14 12:34:00,79.7 MiB
2025-04-14 12:34:10,79.7 MiB
2025-04-14 12:34:20,79.7 MiB
2025-04-14 12:34:30,79.7 MiB
2025-04-14 12:34:40,79.7 MiB
2025-04-14 12:34:50,79.7 MiB
2025-04-14 12:35:00,79.7 MiB
2025-04-14 12:35:10,79.7 MiB
2025-04-14 12:35:20,79.7 MiB
2025-04-14 12:35:30,79.7 MiB
2025-04-14 12:35:40,79.7 MiB
2025-04-14 12:35:50,79.7 MiB
2025-04-14 12:36:00,79.7 MiB
2025-04-14 12:36:10,79.7 MiB
2025-04-14 12:36:20,79.7 MiB
2025-04-14 12:36:30,79.7 MiB
2025-04-14 12:36:40,79.7 MiB
2025-04-14 12:36:50,79.7 MiB
2025-04-14 12:37:00,79.7 MiB
2025-04-14 12:37:10,79.7 MiB
2025-04-14 12:37:20,79.7 MiB
2025-04-14 12:37:30,79.7 MiB
2025-04-14 12:37:40,79.7 MiB
2025-04-14 12:37:50,79.7 MiB
2025-04-14 12:38:00,79.7 MiB
2025-04-14 12:38:10,79.7 MiB
2025-04-14 12:38:20,79.7 MiB
2025-04-14 12:38:30,79.7 MiB
2025-04-14 12:38:40,79.7 MiB
2025-04-14 12:38:50,79.7 MiB
2025-04-14 12:39:00,79.7 MiB
2025-04-14 12:39:10,79.7 MiB
2025-04-14 12:39:20,79.7 MiB
2025-04-14 12:39:30,79.7 MiB
2025-04-14 12:39:40,79.7 MiB
2025-04-14 12:39:50,79.7 MiB
2025-04-14 12:40:00,79.7 MiB
2025-04-14 12:40:10,79.7 MiB
2025-04-14 12:40:20,79.7 MiB
2025-04-14 12:40:30,79.7 MiB
2025-04-14 12:40:40,79.7 MiB
2025-04-14 12:40:50,79.7 MiB
2025-04-14 12:41:00,79.7 MiB
2025-04-14 12:41:10,79.7 MiB
2025-04-14 12:41:20,79.7 MiB
2025-04-14 12:41:30,79.7 MiB
2025-04-14 12:41:40,79.7 MiB
2025-04-14 12:41:50,79.7 MiB
2025-04-14 12:42:00,79.7 MiB
2025-04-14 12:42:10,79.7 MiB
2025-04-14 12:42:20,79.7 MiB
2025-04-14 12:42:30,79.7 MiB
2025-04-14 12:42:40,79.7 MiB
2025-04-14 12:42:50,79.7 MiB
2025-04-14 12:43:00,79.7 MiB
2025-04-14 12:43:10,79.7 MiB
2025-04-14 12:43:20,79.7 MiB
2025-04-14 12:43:30,79.7 MiB
2025-04-14 12:43:40,79.7 MiB
2025-04-14 12:43:50,79.7 MiB
2025-04-14 12:44:00,79.7 MiB
2025-04-14 12:44:10,79.7 MiB
2025-04-14 12:44:20,79.7 MiB
2025-04-14 12:44:30,79.7 MiB
2025-04-14 12:44:40,79.7 MiB
2025-04-14 12:44:50,79.7 MiB
2025-04-14 12:45:00,79.7 MiB
2025-04-14 12:45:10,79.7 MiB
2025-04-14 12:45:20,79.7 MiB
2025-04-14 12:45:30,79.7 MiB
2025-04-14 12:45:40,79.7 MiB
2025-04-14 12:45:50,79.7 MiB
2025-04-14 12:46:00,79.7 MiB
2025-04-14 12:46:10,79.7 MiB
2025-04-14 12:46:20,79.7 MiB
2025-04-14 12:46:30,79.7 MiB
2025-04-14 12:46:40,79.7 MiB
2025-04-14 12:46:50,79.7 MiB
2025-04-14 12:47:00,79.7 MiB
2025-04-14 12:47:10,79.7 MiB
2025-04-14 12:47:20,79.7 MiB
2025-04-14 12:47:30,79.7 MiB
2025-04-14 12:47:40,79.7 MiB
2025-04-14 12:47:50,79.7 MiB
2025-04-14 12:48:00,79.7 MiB
2025-04-14 12:48:10,79.7 MiB
2025-04-14 12:48:20,79.7 MiB
2025-04-14 12:48:30,79.7 MiB
2025-04-14 12:48:40,79.7 MiB
2025-04-14 12:48:50,79.7 MiB
2025-04-14 12:49:00,79.7 MiB
2025-04-14 12:49:10,79.7 MiB
2025-04-14 12:49:20,79.7 MiB
2025-04-14 12:49:30,79.7 MiB
2025-04-14 12:49:40,79.7 MiB
2025-04-14 12:49:50,79.7 MiB
2025-04-14 12:50:00,79.7 MiB
2025-04-14 12:50:10,79.7 MiB
2025-04-14 12:50:20,79.7 MiB
2025-04-14 12:50:30,79.7 MiB
2025-04-14 12:50:40,79.7 MiB
2025-04-14 12:50:50,79.7 MiB
2025-04-14 12:51:00,79.7 MiB
2025-04-14 12:51:10,79.7 MiB
2025-04-14 12:51:20,79.7 MiB
2025-04-14 12:51:30,79.7 MiB
2025-04-14 12:51:40,79.7 MiB
2025-04-14 12:51:50,79.7 MiB
2025-04-14 12:52:00,79.7 MiB
2025-04-14 12:52:10,79.7 MiB
2025-04-14 12:52:20,79.7 MiB
2025-04-14 12:52:30,79.7 MiB
2025-04-14 12:52:40,79.7 MiB
2025-04-14 12:52:50,79.7 MiB
2025-04-14 12:53:00,79.7 MiB
2025-04-14 12:53:10,79.7 MiB
2025-04-14 12:53:20,79.7 MiB
2025-04-14 12:53:30,79.7 MiB
2025-04-14 12:53:40,79.7 MiB
2025-04-14 12:53:50,79.7 MiB
2025-04-14 12:54:00,79.7 MiB
2025-04-14 12:54:10,79.7 MiB
2025-04-14 12:54:20,79.7 MiB
2025-04-14 12:54:30,79.7 MiB
2025-04-14 12:54:40,79.7 MiB
2025-04-14 12:54:50,79.7 MiB
2025-04-14 12:55:00,79.7 MiB
2025-04-14 12:55:10,79.7 MiB
2025-04-14 12:55:20,79.7 MiB
2025-04-14 12:55:30,79.7 MiB
2025-04-14 12:55:40,79.7 MiB
2025-04-14 12:55:50,79.7 MiB
2025-04-14 12:56:00,79.7 MiB
2025-04-14 12:56:10,79.7 MiB
2025-04-14 12:56:20,79.7 MiB
2025-04-14 12:56:30,79.7 MiB
2025-04-14 12:56:40,79.7 MiB
2025-04-14 12:56:50,79.7 MiB
2025-04-14 12:57:00,79.7 MiB
2025-04-14 12:57:10,79.7 MiB
2025-04-14 12:57:20,79.7 MiB
2025-04-14 12:57:30,79.7 MiB
2025-04-14 12:57:40,79.7 MiB
2025-04-14 12:57:50,79.7 MiB
2025-04-14 12:58:00,79.7 MiB
2025-04-14 12:58:10,79.7 MiB
2025-04-14 12:58:20,79.7 MiB
2025-04-14 12:58:30,79.7 MiB
2025-04-14 12:58:40,79.7 MiB
2025-04-14 12:58:50,79.7 MiB
2025-04-14 12:59:00,79.7 MiB
2025-04-14 12:59:10,79.7 MiB
2025-04-14 12:59:20,79.7 MiB
2025-04-14 12:59:30,79.7 MiB
2025-04-14 12:59:40,79.7 MiB
2025-04-14 12:59:50,79.7 MiB
2025-04-14 13:00:00,79.7 MiB
2025-04-14 13:00:10,79.7 MiB
2025-04-14 13:00:20,79.7 MiB
2025-04-14 13:00:30,79.7 MiB
2025-04-14 13:00:40,79.7 MiB
2025-04-14 13:00:50,79.7 MiB
2025-04-14 13:01:00,79.7 MiB
2025-04-14 13:01:10,79.7 MiB
2025-04-14 13:01:20,79.7 MiB
2025-04-14 13:01:30,79.7 MiB
2025-04-14 13:01:40,79.7 MiB
2025-04-14 13:01:50,79.7 MiB
2025-04-14 13:02:00,79.7 MiB
2025-04-14 13:02:10,79.7 MiB
2025-04-14 13:02:20,79.7 MiB
2025-04-14 13:02:30,79.7 MiB
2025-04-14 13:02:40,79.7 MiB
2025-04-14 13:02:50,79.7 MiB
2025-04-14 13:03:00,79.7 MiB
2025-04-14 13:03:10,79.7 MiB
2025-04-14 13:03:20,79.7 MiB
2025-04-14 13:03:30,79.7 MiB
2025-04-14 13:03:40,79.7 MiB
2025-04-14 13:03:50,79.7 MiB
2025-04-14 13:04:00,79.7 MiB
2025-04-14 13:04:10,79.7 MiB
2025-04-14 13:04:20,79.7 MiB
2025-04-14 13:04:30,79.7 MiB
2025-04-14 13:04:40,79.7 MiB
2025-04-14 13:04:50,79.7 MiB
2025-04-14 13:05:00,79.7 MiB
2025-04-14 13:05:10,79.7 MiB
2025-04-14 13:05:20,79.7 MiB
2025-04-14 13:05:30,79.7 MiB
2025-04-14 13:05:40,79.7 MiB
2025-04-14 13:05:50,79.7 MiB
2025-04-14 13:06:00,79.7 MiB
2025-04-14 13:06:10,79.7 MiB
2025-04-14 13:06:20,79.7 MiB
2025-04-14 13:06:30,79.7 MiB
2025-04-14 13:06:40,79.7 MiB
2025-04-14 13:06:50,79.7 MiB
2025-04-14 13:07:00,79.7 MiB
2025-04-14 13:07:10,79.7 MiB
2025-04-14 13:07:20,79.7 MiB
2025-04-14 13:07:30,79.7 MiB
2025-04-14 13:07:40,79.7 MiB
2025-04-14 13:07:50,79.7 MiB
2025-04-14 13:08:00,79.7 MiB
2025-04-14 13:08:10,79.7 MiB
2025-04-14 13:08:20,79.7 MiB
2025-04-14 13:08:30,79.7 MiB
2025-04-14 13:08:40,79.7 MiB
2025-04-14 13:08:50,79.7 MiB
2025-04-14 13:09:00,79.7 MiB
2025-04-14 13:09:10,79.7 MiB
2025-04-14 13:09:20,79.7 MiB
2025-04-14 13:09:30,79.7 MiB
2025-04-14 13:09:40,79.7 MiB
2025-04-14 13:09:50,79.7 MiB
2025-04-14 13:10:00,79.7 MiB
2025-04-14 13:10:10,79.7 MiB
2025-04-14 13:10:20,79.7 MiB
2025-04-14 13:10:30,79.7 MiB
2025-04-14 13:10:40,79.7 MiB
2025-04-14 13:10:50,79.7 MiB
2025-04-14 13:11:00,79.7 MiB
2025-04-14 13:11:10,79.7 MiB
2025-04-14 13:11:20,79.7 MiB
2025-04-14 13:11:30,79.7 MiB
2025-04-14 13:11:40,79.7 MiB
2025-04-14 13:11:50,79.7 MiB
2025-04-14 13:12:00,79.7 MiB
2025-04-14 13:12:10,79.7 MiB
2025-04-14 13:12:20,79.7 MiB
2025-04-14 13:12:30,79.7 MiB
2025-04-14 13:12:40,79.7 MiB
2025-04-14 13:12:50,79.7 MiB
2025-04-14 13:13:00,79.7 MiB
2025-04-14 13:13:10,79.7 MiB
2025-04-14 13:13:20,79.7 MiB
2025-04-14 13:13:30,79.7 MiB
2025-04-14 13:13:40,79.7 MiB
2025-04-14 13:13:50,79.7 MiB
2025-04-14 13:14:00,79.7 MiB
2025-04-14 13:14:10,79.7 MiB
2025-04-14 13:14:20,79.7 MiB
2025-04-14 13:14:30,79.7 MiB
2025-04-14 13:14:40,79.7 MiB
2025-04-14 13:14:50,79.7 MiB
2025-04-14 13:15:00,79.7 MiB
2025-04-14 13:15:10,79.7 MiB
2025-04-14 13:15:20,79.7 MiB
2025-04-14 13:15:30,79.7 MiB
2025-04-14 13:15:40,79.7 MiB
2025-04-14 13:15:50,79.7 MiB
2025-04-14 13:16:00,79.7 MiB
2025-04-14 13:16:10,79.7 MiB
2025-04-14 13:16:20,79.7 MiB
2025-04-14 13:16:30,79.7 MiB
2025-04-14 13:16:40,79.7 MiB
2025-04-14 13:16:50,79.7 MiB
2025-04-14 13:17:00,79.7 MiB
2025-04-14 13:17:10,79.7 MiB
2025-04-14 13:17:20,79.7 MiB
2025-04-14 13:17:30,79.7 MiB
2025-04-14 13:17:40,79.7 MiB
2025-04-14 13:17:50,79.7 MiB
2025-04-14 13:18:00,79.7 MiB
2025-04-14 13:18:10,79.7 MiB
2025-04-14 13:18:20,79.7 MiB
2025-04-14 13:18:30,79.7 MiB
2025-04-14 13:18:40,79.7 MiB
2025-04-14 13:18:50,79.7 MiB
2025-04-14 13:19:00,79.7 MiB
2025-04-14 13:19:10,79.7 MiB
2025-04-14 13:19:20,79.7 MiB
2025-04-14 13:19:30,79.7 MiB
2025-04-14 13:19:40,79.7 MiB
2025-04-14 13:19:50,79.7 MiB
2025-04-14 13:20:00,79.7 MiB
2025-04-14 13:20:10,79.7 MiB
2025-04-14 13:20:20,79.7 MiB
2025-04-14 13:20:30,79.7 MiB
2025-04-14 13:20:40,79.7 MiB
2025-04-14 13:20:50,79.7 MiB
2025-04-14 13:21:00,79.7 MiB
2025-04-14 13:21:10,79.7 MiB
2025-04-14 13:21:20,79.7 MiB
2025-04-14 13:21:30,79.7 MiB
2025-04-14 13:21:40,79.7 MiB
2025-04-14 13:21:50,79.7 MiB
2025-04-14 13:22:00,79.7 MiB
2025-04-14 13:22:10,79.7 MiB
2025-04-14 13:22:20,79.7 MiB
2025-04-14 13:22:30,79.7 MiB
2025-04-14 13:22:40,79.7 MiB
2025-04-14 13:22:50,79.7 MiB
2025-04-14 13:23:00,79.7 MiB
2025-04-14 13:23:10,79.7 MiB
2025-04-14 13:23:20,79.7 MiB
2025-04-14 13:23:30,79.7 MiB
2025-04-14 13:23:40,79.7 MiB
2025-04-14 13:23:50,79.7 MiB
2025-04-14 13:24:00,79.7 MiB
2025-04-14 13:24:10,79.7 MiB
2025-04-14 13:24:20,79.7 MiB
2025-04-14 13:24:30,79.7 MiB
2025-04-14 13:24:40,79.7 MiB
2025-04-14 13:24:50,79.7 MiB
2025-04-14 13:25:00,79.7 MiB
2025-04-14 13:25:10,79.7 MiB
2025-04-14 13:25:20,79.7 MiB
2025-04-14 13:25:30,79.7 MiB
2025-04-14 13:25:40,79.7 MiB
2025-04-14 13:25:50,79.7 MiB
2025-04-14 13:26:00,79.7 MiB
2025-04-14 13:26:10,79.7 MiB
2025-04-14 13:26:20,79.7 MiB
2025-04-14 13:26:30,79.7 MiB
2025-04-14 13:26:40,79.7 MiB
2025-04-14 13:26:50,79.7 MiB
2025-04-14 13:27:00,79.7 MiB
2025-04-14 13:27:10,79.7 MiB
2025-04-14 13:27:20,79.7 MiB
2025-04-14 13:27:30,79.7 MiB
2025-04-14 13:27:40,79.7 MiB
2025-04-14 13:27:50,79.7 MiB
2025-04-14 13:28:00,79.7 MiB
2025-04-14 13:28:10,79.7 MiB
2025-04-14 13:28:20,79.7 MiB
2025-04-14 13:28:30,79.7 MiB
2025-04-14 13:28:40,79.7 MiB
2025-04-14 13:28:50,79.7 MiB
2025-04-14 13:29:00,79.7 MiB
2025-04-14 13:29:10,79.7 MiB
2025-04-14 13:29:20,79.7 MiB
2025-04-14 13:29:30,79.7 MiB
2025-04-14 13:29:40,79.7 MiB
2025-04-14 13:29:50,79.7 MiB
2025-04-14 13:30:00,79.7 MiB
2025-04-14 13:30:10,79.7 MiB
2025-04-14 13:30:20,79.7 MiB
2025-04-14 13:30:30,79.7 MiB
2025-04-14 13:30:40,79.7 MiB
2025-04-14 13:30:50,79.7 MiB
2025-04-14 13:31:00,79.7 MiB
2025-04-14 13:31:10,79.7 MiB
2025-04-14 13:31:20,79.7 MiB
2025-04-14 13:31:30,79.7 MiB
2025-04-14 13:31:40,79.7 MiB
2025-04-14 13:31:50,79.7 MiB
2025-04-14 13:32:00,79.7 MiB
2025-04-14 13:32:10,79.7 MiB
2025-04-14 13:32:20,79.7 MiB
2025-04-14 13:32:30,79.7 MiB
2025-04-14 13:32:40,79.7 MiB
2025-04-14 13:32:50,79.7 MiB
2025-04-14 13:33:00,79.7 MiB
2025-04-14 13:33:10,79.7 MiB
2025-04-14 13:33:20,79.7 MiB
2025-04-14 13:33:30,79.7 MiB
2025-04-14 13:33:40,79.7 MiB
2025-04-14 13:33:50,79.7 MiB
2025-04-14 13:34:00,79.7 MiB
2025-04-14 13:34:10,79.7 MiB
2025-04-14 13:34:20,79.7 MiB
2025-04-14 13:34:30,79.7 MiB
2025-04-14 13:34:40,79.7 MiB
2025-04-14 13:34:50,79.7 MiB
2025-04-14 13:35:00,79.7 MiB
2025-04-14 13:35:10,79.7 MiB
2025-04-14 13:35:20,79.7 MiB
2025-04-14 13:35:30,79.7 MiB
2025-04-14 13:35:40,79.7 MiB
2025-04-14 13:35:50,79.7 MiB
2025-04-14 13:36:00,79.7 MiB
2025-04-14 13:36:10,79.7 MiB
2025-04-14 13:36:20,79.7 MiB
2025-04-14 13:36:30,79.7 MiB
2025-04-14 13:36:40,79.7 MiB
2025-04-14 13:36:50,79.7 MiB
2025-04-14 13:37:00,79.7 MiB